SKU,Nombre_Producto,Categoria,Subcategoria,Dimensiones_Caja,Precio_DOP,Unidad_Venta,Peso_Aproximado,Peso_En_Libras,Precio_Por_Libra,Precio_Calculado_Por_Peso,Origen,Proveedor_Principal,Proveedor_Alternativo,Precio_Compra,Margen_Ganancia_%,Frecuencia_Compra,Contacto_Proveedor,Organico,Temporada,Stock_Disponible,Descripcion_Corta,Ingredientes,Valor_Nutricional,Vida_Util,Almacenamiento,Empaque,Apto_Vegano,Libre_Gluten,URL_Imagen,Destacado_Web,Orden_Prioridad,Tags,Notas_Internas,Activo,Fecha_Actualizacion
GD-CAJA-001,Box 1 'Caribbean Fresh Pack' (3 días),Cajas,Box Sets,"8"" x 8"" x 8""",650.0,caja,7.7 lb (3.5 kg),,,,Local,Mercado Central San Pedro de Macorís,,422.5,35.0,Semanal,,No,Todo el año,Disponible,Caja para 3 días con mix de frutas y vegetales frescos. Ideal para parejas o personas solas.,Box 1 'Caribbean Fresh Pack' (3 días),"Variado: Rica en vitaminas A, C, fibra, antioxidantes",15-30 días,Refrigerado,Según producto,Sí,Sí,https://greendolio.shop/images/gd-caja-001.jpg,Sí,1.0,"cajas, box, fresco",Revisar información nutricional y completar datos,Sí,2025-10-29 00:00:00
GD-CAJA-002,Box 2 'Island Weekssential' (1 semana),Cajas,Box Sets,"11"" x 10"" x 16""",990.0,caja,13.2 lb (6 kg),,,,Local,Mercado Central San Pedro de Macorís,,643.5,35.0,Semanal,,No,Todo el año,Disponible,Caja semanal con variedad completa de frutas y vegetales. Perfecta para familias pequeñas.,Box 2 'Island Weekssential' (1 semana),"Variado: Rica en vitaminas A, C, fibra, antioxidantes",15-30 días,Refrigerado,Según producto,Sí,Sí,https://greendolio.shop/images/gd-caja-002.jpg,Sí,2.0,"cajas, box, fresco",Revisar información nutricional y completar datos,Sí,2025-10-29 00:00:00
GD-CAJA-003,Box 3 'Allgreenxclusive' (2 semanas),Cajas,Box Sets,"16"" x 16"" x 16""",1990.0,caja,26.5 lb (12 kg),,,,Local,Mercado Central San Pedro de Macorís,,1293.5,35.0,Semanal,,No,Todo el año,Disponible,Caja quincenal con surtido abundante. Ideal para familias grandes o meal prep.,Box 3 'Allgreenxclusive' (2 semanas),"Variado: Rica en vitaminas A, C, fibra, antioxidantes",15-30 días,Refrigerado,Según producto,Sí,Sí,https://greendolio.shop/images/gd-caja-003.jpg,Sí,3.0,"cajas, box, fresco",Revisar información nutricional y completar datos,Sí,2025-10-29 00:00:00
GD-CASE-004,Baba Ganoush (16 oz),Productos Caseros,Dips y Salsas,,500.0,porción,1 lb,,,,Elaboración propia,Producción interna,,325.0,35.0,Semanal,,No,Todo el año,Disponible,"Dip de berenjena asada estilo mediterráneo, elaboración propia del día.",Baba Ganoush (16 oz),"Por porción: 120 cal, 8g grasa, 10g carb, 4g proteína, fibra",15-30 días,Refrigerado,Según producto,Sí,Sí,https://greendolio.shop/images/gd-case-004.jpg,Sí,4.0,"productos caseros, baba, fresco",Revisar información nutricional y completar datos,Sí,2025-10-29 00:00:00
GD-CASE-005,Hummus (16 oz),Productos Caseros,Dips y Salsas,,500.0,porción,1 lb,,,,Elaboración propia,Producción interna,,325.0,35.0,Semanal,,No,Todo el año,Disponible,"Hummus cremoso de garbanzos con tahini, hecho en casa sin conservantes.",Hummus (16 oz),"Por porción: 150 cal, 10g grasa, 15g carb, 6g proteína, fibra",15-30 días,Refrigerado,Según producto,Sí,Sí,https://greendolio.shop/images/gd-case-005.jpg,Sí,5.0,"productos caseros, hummus, fresco",Revisar información nutricional y completar datos,Sí,2025-10-29 00:00:00
GD-CASE-006,Guacamole (16 oz),Productos Caseros,Dips y Salsas,,500.0,porción,1 lb,,,,Elaboración propia,Producción interna,,325.0,35.0,Semanal,,No,Todo el año (sujeto a aguacate),Disponible,"Guacamole fresco con aguacate dominicano, preparado el mismo día.",Guacamole (16 oz),"Por porción: 180 cal, 15g grasa, 12g carb, 3g proteína, vitaminas",15-30 días,Refrigerado,Según producto,Sí,Sí,https://greendolio.shop/images/gd-case-006.jpg,Sí,6.0,"productos caseros, guacamole, fresco",Revisar información nutricional y completar datos,Sí,2025-10-29 00:00:00
GD-CASE-007,Chimichurri (9.5 oz),Productos Caseros,Dips y Salsas,,350.0,porción,270g,,,,Elaboración propia,Producción interna,,227.5,35.0,Semanal,,No,Todo el año,Disponible,"Salsa chimichurri con hierbas frescas locales, ideal para carnes.",Chimichurri (9.5 oz),"Por porción: 80 cal, 7g grasa, 3g carb, vitaminas A, C",15-30 días,Refrigerado,Según producto,Sí,Sí,https://greendolio.shop/images/gd-case-007.jpg,Sí,7.0,"productos caseros, chimichurri, fresco",Revisar información nutricional y completar datos,Sí,2025-10-29 00:00:00
GD-JUGO-008,Pepinada (1 porción),Jugos Naturales,Jugos Detox,,175.0,porción,473ml,,,,Elaboración propia,Producción interna,,113.75,35.0,Semanal,,Sí,Todo el año,Disponible,"Jugo detox de pepino, apio y limón. Sin azúcar añadida.",Pepinada (1 porción),"Por porción: 45 cal, 0g grasa, vitaminas C, K, antioxidantes",15-30 días,Refrigerado,Según producto,Sí,Sí,https://greendolio.shop/images/gd-jugo-008.jpg,Sí,8.0,"jugos naturales, pepinada, fresco",Revisar información nutricional y completar datos,Sí,2025-10-29 00:00:00
GD-JUGO-009,Tropicalote (1 porción),Jugos Naturales,Jugos Detox,,175.0,porción,473ml,,,,Elaboración propia,Producción interna,,113.75,35.0,Semanal,,Sí,Todo el año,Disponible,"Mezcla tropical de piña, mango y naranja. 100% natural.",Tropicalote (1 porción),"Por porción: 120 cal, 0.5g grasa, vitaminas C, A, fibra",15-30 días,Refrigerado,Según producto,Sí,Sí,https://greendolio.shop/images/gd-jugo-009.jpg,Sí,9.0,"jugos naturales, tropicalote, fresco",Revisar información nutricional y completar datos,Sí,2025-10-29 00:00:00
GD-JUGO-010,Rosa Maravillosa (1 porción),Jugos Naturales,Jugos Detox,,175.0,porción,473ml,,,,Elaboración propia,Producción interna,,113.75,35.0,Semanal,,Sí,Todo el año,Disponible,Jugo de remolacha con manzana y jengibre. Antioxidante.,Rosa Maravillosa (1 porción),"Por porción: 90 cal, 0g grasa, vitaminas C, antocianinas",15-30 días,Refrigerado,Según producto,Sí,Sí,https://greendolio.shop/images/gd-jugo-010.jpg,Sí,10.0,"jugos naturales, rosa, fresco",Revisar información nutricional y completar datos,Sí,2025-10-29 00:00:00
GD-JUGO-011,China Chinola (1 porción),Jugos Naturales,Jugos Detox,,175.0,porción,473ml,,,,Elaboración propia,Producción interna,,113.75,35.0,Semanal,,Sí,Todo el año,Disponible,Jugo de naranja con chinola. Refrescante y vitamínico.,China Chinola (1 porción),"Por porción: 110 cal, 0g grasa, vitaminas C, A, fibra",15-30 días,Refrigerado,Según producto,Sí,Sí,https://greendolio.shop/images/gd-jugo-011.jpg,No,11.0,"jugos naturales, china, fresco",Revisar información nutricional y completar datos,Sí,2025-10-29 00:00:00
GD-GRAN-012,Huevos Blancos (12 unidades),Productos de Granja,Huevos,,175.0,docena,1.5 lb (680g),1.5,116.6666666666667,,Granja local,Granjas locales Juan Dolio,,113.75,35.0,Semanal,,No,Todo el año,Disponible,Huevos blancos de gallinas locales. Frescos del día.,Huevos Blancos (12 unidades),"Por huevo: 70 cal, 6g proteína, 5g grasa, vitaminas B12, D",15-30 días,Refrigerado,Según producto,No,Sí,https://greendolio.shop/images/gd-gran-012.jpg,No,12.0,"productos de granja, huevos, fresco",Revisar información nutricional y completar datos,Sí,2025-10-29 00:00:00
GD-GRAN-013,Huevos de color (12 unidades),Productos de Granja,Huevos,,225.0,docena,1.5 lb (680g),1.5,150.0,,Granja local,Granjas locales Juan Dolio,,146.25,35.0,Semanal,,No,Todo el año,Disponible,Huevos de color de gallinas criollas. Yema firme y sabrosa.,Huevos de color (12 unidades),"Por huevo: 70 cal, 6g proteína, 5g grasa, vitaminas B12, D",15-30 días,Refrigerado,Según producto,No,Sí,https://greendolio.shop/images/gd-gran-013.jpg,No,13.0,"productos de granja, huevos, fresco",Revisar información nutricional y completar datos,Sí,2025-10-29 00:00:00
GD-GRAN-014,Huevos de campo orgánicos (12 unidades),Productos de Granja,Huevos,,380.0,docena,1.5 lb (680g),1.5,253.3333333333333,,Granja local,Granjas locales Juan Dolio,,247.0,35.0,Semanal,,Sí,Todo el año,Disponible,Huevos orgánicos de gallinas de campo. Alimentación natural.,Huevos de campo orgánicos (12 unidades),"Por huevo: 70 cal, 6g proteína, 5g grasa, omega-3, vitaminas",15-30 días,Refrigerado,Según producto,No,Sí,https://greendolio.shop/images/gd-gran-014.jpg,No,14.0,"productos de granja, huevos, fresco",Revisar información nutricional y completar datos,Sí,2025-10-29 00:00:00
GD-GRAN-015,Miel pura de abejas (6.5 oz),Productos de Granja,Miel,,250.0,porción,184g,0.405,617.283950617284,,Granja local,Granjas locales Juan Dolio,,162.5,35.0,Semanal,,No,Todo el año,Disponible,Miel pura de abejas dominicanas. Sin procesar.,Miel pura de abejas (6.5 oz),"Por porción: 60 cal, 17g azúcar natural, antioxidantes",15-30 días,Refrigerado,Según producto,Sí,Sí,https://greendolio.shop/images/gd-gran-015.jpg,No,15.0,"productos de granja, miel, fresco",Revisar información nutricional y completar datos,Sí,2025-10-29 00:00:00
GD-GRAN-016,Miel orgánica con panal (12 oz),Productos de Granja,Miel,,500.0,porción,12 oz (340g),0.749,667.5567423230974,,Granja local,Granjas locales Juan Dolio,,325.0,35.0,Semanal,,No,Todo el año,Disponible,Miel orgánica con trozo de panal incluido. Producto premium.,Miel orgánica con panal (12 oz),"Por porción: 120 cal, 34g azúcar natural, antioxidantes",15-30 días,Refrigerado,Según producto,Sí,Sí,https://greendolio.shop/images/gd-gran-016.jpg,No,16.0,"productos de granja, miel, fresco",Revisar información nutricional y completar datos,Sí,2025-10-29 00:00:00
GD-OTRO-017,Aceite de oliva sabor ajo (400 cc),Otros,Granos y Despensa,,390.0,unidad,400g,0.881,442.6787741203178,,Local,Mercado Central San Pedro de Macorís,,253.5,35.0,Semanal,,No,Todo el año,Disponible,Aceite de oliva infusionado con ajo. Ideal para cocinar.,Aceite de oliva sabor ajo (400 cc),"Grasas monoinsaturadas, vitamina E, antioxidantes",15-30 días,Refrigerado,Según producto,Sí,Sí,https://greendolio.shop/images/gd-otro-017.jpg,No,17.0,"otros, aceite, fresco",Revisar información nutricional y completar datos,Sí,2025-10-29 00:00:00
GD-OTRO-018,Aceite de oliva extra virgen importado (3 litros),Otros,Granos y Despensa,,2900.0,3 litros,3 L,6.614,438.4638645297853,,Importado,Jumbo San Pedro,,1885.0,35.0,Semanal,,No,Todo el año,Disponible,Aceite de oliva extra virgen importado. Calidad premium.,Aceite de oliva extra virgen importado (3 litros),"Grasas monoinsaturadas, vitamina E, K, antioxidantes",15-30 días,Refrigerado,Según producto,Sí,Sí,https://greendolio.shop/images/gd-otro-018.jpg,No,18.0,"otros, aceite, fresco",Revisar información nutricional y completar datos,Sí,2025-10-29 00:00:00
GD-OTRO-019,Quinoa (16 oz),Otros,Granos y Despensa,,450.0,porción,1 lb,1.0,450.0,,Local,Mercado Central San Pedro de Macorís,,292.5,35.0,Semanal,,No,Todo el año (importado),Disponible,Quinoa premium rica en proteína. Lista para cocinar.,Quinoa (16 oz),"Proteína completa, fibra, hierro, magnesio, vitaminas B",15-30 días,Refrigerado,Según producto,Sí,Sí,https://greendolio.shop/images/gd-otro-019.jpg,No,19.0,"otros, quinoa, fresco",Revisar información nutricional y completar datos,Sí,2025-10-29 00:00:00
GD-OTRO-020,Arroz blanco (400 gr),Otros,Granos y Despensa,,125.0,porción,400g,0.881,141.8842224744608,,Local,Mercado Central San Pedro de Macorís,,81.25,35.0,Semanal,,No,Todo el año,Disponible,Arroz blanco grano largo. Producto básico de despensa.,Arroz blanco (400 gr),"Carbohidratos, vitamina B, bajo en grasa",15-30 días,Refrigerado,Según producto,Sí,Sí,https://greendolio.shop/images/gd-otro-020.jpg,No,20.0,"otros, arroz, fresco",Revisar información nutricional y completar datos,Sí,2025-10-29 00:00:00
GD-OTRO-021,Arroz integral (1 libra),Otros,Granos y Despensa,,125.0,porción,1 lb,1.0,125.0,,Local,Mercado Central San Pedro de Macorís,,81.25,35.0,Semanal,,No,Todo el año,Disponible,Arroz integral nutritivo. Alto en fibra.,Arroz integral (1 libra),"Carbohidratos, fibra, vitamina B, magnesio",15-30 días,Refrigerado,Según producto,Sí,Sí,https://greendolio.shop/images/gd-otro-021.jpg,No,21.0,"otros, arroz, fresco",Revisar información nutricional y completar datos,Sí,2025-10-29 00:00:00
GD-OTRO-022,Lentejas (400 gr),Otros,Granos y Despensa,,200.0,libra,400g,0.881,227.0147559591373,,Local,Mercado Central San Pedro de Macorís,,130.0,35.0,Semanal,,No,Todo el año (importado),Disponible,Lentejas secas listas para guisos y sopas.,Lentejas (400 gr),"Proteína, fibra, hierro, folato",15-30 días,Refrigerado,Según producto,Sí,Sí,https://greendolio.shop/images/gd-otro-022.jpg,No,22.0,"otros, lentejas, fresco",Revisar información nutricional y completar datos,Sí,2025-10-29 00:00:00
GD-OTRO-023,Habichuelas rojas/negras/blancas (400 gr),Otros,Granos y Despensa,,175.0,libra,400g,0.881,198.6379114642452,,Local,Mercado Central San Pedro de Macorís,,113.75,35.0,Semanal,,No,Todo el año,Disponible,Habichuelas secas para guisos tradicionales.,Habichuelas rojas/negras/blancas (400 gr),"Proteína, fibra, hierro, folato",15-30 días,Refrigerado,Según producto,Sí,Sí,https://greendolio.shop/images/gd-otro-023.jpg,No,23.0,"otros, habichuelas, fresco",Revisar información nutricional y completar datos,Sí,2025-10-29 00:00:00
GD-FRUT-024,Aguacate,Frutas,Frutas Tropicales,,100.0,unidad,0.66 lb (300g aprox),0.66,151.5151515151515,,Local,Mercado Central San Pedro de Macorís,,65.0,35.0,Diaria,,No,Todo el año (mejor: ago-nov),Disponible,Plátano verde para mangú o frito.,Aguacate,"Alto en grasas saludables, vitamina E, K, potasio, fibra",3-5 días,Refrigerado,Bolsa biodegradable retornable,Sí,Sí,https://greendolio.shop/images/gd-frut-024.jpg,No,24.0,"frutas, aguacate, fresco",Revisar información nutricional y completar datos,Sí,2025-10-29 00:00:00
GD-FRUT-025,Mandarina,Frutas,Cítricos,,45.0,unidad,0.2-0.3 lb (90-135g),0.25,180.0,,Local,Mercado Central San Pedro de Macorís,,29.25,35.0,Diaria,,No,Oct-Dic (Navidad),Disponible,Plátano maduro para dulces o maduros fritos.,Mandarina,"Vitamina C, fibra, antioxidantes, bajo en calorías",3-5 días,Refrigerado,Bolsa biodegradable retornable,Sí,Sí,https://greendolio.shop/images/gd-frut-025.jpg,No,25.0,"frutas, mandarina, fresco",Revisar información nutricional y completar datos,Sí,2025-10-29 00:00:00
GD-FRUT-026,Chinola,Frutas,Frutas Tropicales,,35.0,unidad,0.15-0.25 lb (70-115g),0.25,140.0,,Local,Mercado Central San Pedro de Macorís,,22.75,35.0,Diaria,,No,Todo el año,Disponible,Piña dorada jugosa y dulce de temporada.,Chinola,"Vitamina C, A, fibra, antioxidantes",3-5 días,Refrigerado,Bolsa biodegradable retornable,Sí,Sí,https://greendolio.shop/images/gd-frut-026.jpg,No,26.0,"frutas, chinola, fresco",Revisar información nutricional y completar datos,Sí,2025-10-29 00:00:00
GD-FRUT-027,Plátano maduro,Frutas,Plátanos y Bananas,,25.0,unidad,0.4-0.5 lb (180-225g),0.5,50.0,,Local,Mercado Central San Pedro de Macorís,,16.25,35.0,Diaria,,No,Todo el año,Disponible,Lechosa madura lista para consumir.,Plátano maduro,"Carbohidratos, vitamina B6, potasio, fibra",3-5 días,Refrigerado,Bolsa biodegradable retornable,Sí,Sí,https://greendolio.shop/images/gd-frut-027.jpg,No,27.0,"frutas, plátano, fresco",Revisar información nutricional y completar datos,Sí,2025-10-29 00:00:00
GD-FRUT-028,Piña pequeña ,Frutas,Frutas Tropicales,,80.0,unidad,2-3 lb (0.9-1.4 kg),3.0,26.66666666666667,,Local,Mercado Central San Pedro de Macorís,,52.0,35.0,Diaria,,No,"Todo el año (picos: nov-feb, may-jul)",Disponible,Melón dulce refrescante de pulpa naranja.,Piña,"Vitamina C, manganeso, bromelina, antioxidantes",3-5 días,Refrigerado,Bolsa biodegradable retornable,Sí,Sí,https://greendolio.shop/images/gd-frut-028.jpg,No,28.0,"frutas, piña, fresco",Revisar información nutricional y completar datos,Sí,2025-10-29 00:00:00
GD-FRUT-029,Fresas (aprox 14-15),Frutas,Frutas Tropicales,,125.0,paquete (1 lb),1 lb (18-20 unidades),1.0,125.0,,Local,Mercado Central San Pedro de Macorís,,81.25,35.0,Diaria,,No,Dic-Abr (zonas altas),Disponible,Sandía roja jugosa. Perfecta para jugos.,Fresas,"Vitamina C, manganeso, folato, antioxidantes",3-5 días,Refrigerado,Bolsa biodegradable retornable,Sí,Sí,https://greendolio.shop/images/gd-frut-029.jpg,No,29.0,"frutas, fresas, fresco",Revisar información nutricional y completar datos,Sí,2025-10-29 00:00:00
GD-FRUT-030,Mango,Frutas,Frutas Tropicales,,50.0,unidad,0.5-0.8 lb (225-360g),0.8,62.5,,Local,Mercado Central San Pedro de Macorís,,32.5,35.0,Diaria,,No,Mar-Ago (pico: may-jun),Disponible,Mango de temporada seleccionado por madurez.,Mango,"Vitamina C, A, fibra, antioxidantes",3-5 días,Refrigerado,Bolsa biodegradable retornable,Sí,Sí,https://greendolio.shop/images/gd-frut-030.jpg,No,30.0,"frutas, mango, fresco",Revisar información nutricional y completar datos,Sí,2025-10-29 00:00:00
GD-FRUT-031,Coco,Frutas,Frutas Tropicales,,75.0,unidad,1.5-2.5 lb (0.7-1.1 kg),2.5,30.0,,Local,Mercado Central San Pedro de Macorís,,48.75,35.0,Diaria,,No,Todo el año,Disponible,Chinola aromática para jugos y postres.,Coco,"Grasas saludables, fibra, potasio, manganeso",3-5 días,Refrigerado,Bolsa biodegradable retornable,Sí,Sí,https://greendolio.shop/images/gd-frut-031.jpg,No,31.0,"frutas, coco, fresco",Revisar información nutricional y completar datos,Sí,2025-10-29 00:00:00
GD-FRUT-032,Lechosa,Frutas,Frutas Tropicales,,75.0,unidad,2-4 lb (0.9-1.8 kg),4.0,18.75,,Local,Mercado Central San Pedro de Macorís,,48.75,35.0,Diaria,,No,Todo el año,Disponible,Naranja dulce jugosa para exprimir.,Lechosa,"Vitamina C, A, folato, antioxidantes",3-5 días,Refrigerado,Bolsa biodegradable retornable,Sí,Sí,https://greendolio.shop/images/gd-frut-032.jpg,No,32.0,"frutas, lechosa, fresco",Revisar información nutricional y completar datos,Sí,2025-10-29 00:00:00
GD-FRUT-033,Banana,Frutas,Plátanos y Bananas,,15.0,unidad,0.3-0.4 lb (135-180g),0.4,37.5,,Local,Mercado Central San Pedro de Macorís,,9.75,35.0,Diaria,,No,Todo el año,Disponible,Limón verde ácido. Ideal para aderezos.,Banana,"Carbohidratos, vitamina B6, C, potasio",3-5 días,Refrigerado,Bolsa biodegradable retornable,Sí,Sí,https://greendolio.shop/images/gd-frut-033.jpg,No,33.0,"frutas, banana, fresco",Revisar información nutricional y completar datos,Sí,2025-10-29 00:00:00
GD-FRUT-034,Cerezas,Frutas,Frutas Tropicales,,125.0,libra,1 lb,1.0,125.0,,Local,Mercado Central San Pedro de Macorís,,81.25,35.0,Diaria,,No,May-Jul (importadas),Disponible,Mandarina dulce fácil de pelar.,Cerezas,"Vitamina C, antocianinas, antioxidantes",3-5 días,Refrigerado,Bolsa biodegradable retornable,Sí,Sí,https://greendolio.shop/images/gd-frut-034.jpg,No,34.0,"frutas, cerezas, fresco",Revisar información nutricional y completar datos,Sí,2025-10-29 00:00:00
GD-FRUT-035,Manzana,Frutas,Frutas Tropicales,,85.0,unidad,0.4-0.55 lb (180-250g),0.55,154.5454545454545,,Local,Mercado Central San Pedro de Macorís,,55.25,35.0,Diaria,,No,Todo el año (importadas),Disponible,Coco seco para rallar o agua de coco.,Manzana,"Vitamina C, fibra, antioxidantes",3-5 días,Refrigerado,Bolsa biodegradable retornable,Sí,Sí,https://greendolio.shop/images/gd-frut-035.jpg,No,35.0,"frutas, manzana, fresco",Revisar información nutricional y completar datos,Sí,2025-10-29 00:00:00
GD-FRUT-036,Sandía,Frutas,Frutas Tropicales,,200.0,unidad,8-12 lb (3.5-5.5 kg),12.0,16.66666666666667,,Local,Mercado Central San Pedro de Macorís,,130.0,35.0,Diaria,,No,Todo el año (pico: may-ago),Disponible,Tamarindo natural para jugos y dulces.,Sandía,"Vitamina C, A, licopeno, hidratación (92% agua)",3-5 días,Refrigerado,Bolsa biodegradable retornable,Sí,Sí,https://greendolio.shop/images/gd-frut-036.jpg,No,36.0,"frutas, sandía, fresco",Revisar información nutricional y completar datos,Sí,2025-10-29 00:00:00
GD-FRUT-037,Melón,Frutas,Frutas Tropicales,,150.0,unidad,3-5 lb (1.4-2.3 kg),5.0,30.0,,Local,Mercado Central San Pedro de Macorís,,97.5,35.0,Diaria,,No,Todo el año (pico: may-ago),Disponible,Cereza local de temporada. Dulce y jugosa.,Melón,"Vitamina C, A, potasio, hidratación",3-5 días,Refrigerado,Bolsa biodegradable retornable,Sí,Sí,https://greendolio.shop/images/gd-frut-037.jpg,No,37.0,"frutas, melón, fresco",Revisar información nutricional y completar datos,Sí,2025-10-29 00:00:00
GD-FRUT-038,Melón francés,Frutas,Frutas Tropicales,,110.0,unidad,2-3 lb (0.9-1.4 kg),3.0,36.66666666666666,,Local,Mercado Central San Pedro de Macorís,,71.5,35.0,Diaria,,No,Todo el año (pico: may-ago),Disponible,Fresa roja aromática. Ideal para batidos.,Melón francés,"Vitamina C, A, potasio, hidratación",3-5 días,Refrigerado,Bolsa biodegradable retornable,Sí,Sí,https://greendolio.shop/images/gd-frut-038.jpg,No,38.0,"frutas, melón, fresco",Revisar información nutricional y completar datos,Sí,2025-10-29 00:00:00
GD-FRUT-039,Pitahaya,Frutas,Frutas Tropicales,,67.0,unidad,0.5-0.75 lb (225-340g),0.75,125.0,,Local,Mercado Central San Pedro de Macorís,,81.25,35.0,Diaria,,No,May-Nov,Disponible,Pitahaya de pulpa blanca. Fruta exótica.,Pitahaya,"Vitamina C, fibra, antioxidantes, magnesio",3-5 días,Refrigerado,Bolsa biodegradable retornable,Sí,Sí,https://greendolio.shop/images/gd-frut-039.jpg,No,39.0,"frutas, pitahaya, fresco",Revisar información nutricional y completar datos,Sí,2025-10-29 00:00:00
GD-FRUT-040,Uvas blancas,Frutas,Frutas Tropicales,,275.0,libra,1 lb,1.0,275.0,,Local,Mercado Central San Pedro de Macorís,,178.75,35.0,Diaria,,No,Oct-Ene (importadas),Disponible,Uvas rojas sin semilla. Snack saludable.,Uvas blancas,"Vitamina C, K, antioxidantes, resveratrol",3-5 días,Refrigerado,Bolsa biodegradable retornable,Sí,Sí,https://greendolio.shop/images/gd-frut-040.jpg,No,40.0,"frutas, uvas, fresco",Revisar información nutricional y completar datos,Sí,2025-10-29 00:00:00
GD-FRUT-041,Uvas moradas,Frutas,Frutas Tropicales,,225.0,libra,1 lb,1.0,225.0,,Local,Mercado Central San Pedro de Macorís,,146.25,35.0,Diaria,,No,Oct-Ene (importadas),Disponible,Manzana roja importada crujiente.,Uvas moradas,"Vitamina C, K, antioxidantes, resveratrol",3-5 días,Refrigerado,Bolsa biodegradable retornable,Sí,Sí,https://greendolio.shop/images/gd-frut-041.jpg,No,41.0,"frutas, uvas, fresco",Revisar información nutricional y completar datos,Sí,2025-10-29 00:00:00
GD-FRUT-042,Naranja,Frutas,Cítricos,,45.0,unidad,0.4-0.5 lb (180-225g),0.5,90.0,,Local,Mercado Central San Pedro de Macorís,,29.25,35.0,Diaria,,No,Todo el año (mejor: nov-mar),Disponible,Naranja dulce jugosa para exprimir o comer.,Naranja,"Vitamina C, fibra, potasio, folato",3-5 días,Refrigerado,Bolsa biodegradable retornable,Sí,Sí,https://greendolio.shop/images/gd-frut-042.jpg,No,42.0,"frutas, naranja, fresco",Revisar información nutricional y completar datos,Sí,2025-10-29 00:00:00
GD-FRUT-043,Carambola,Frutas,Frutas Tropicales,,40.0,unidad,0.2-0.3 lb (90-135g),0.3,133.3333333333333,,Local,Mercado Central San Pedro de Macorís,,26.0,35.0,Diaria,,No,Jun-Nov,Disponible,Carambola (fruta estrella) exótica y refrescante.,Carambola,"Vitamina C, antioxidantes",3-5 días,Refrigerado,Bolsa biodegradable retornable,Sí,Sí,https://greendolio.shop/images/gd-frut-043.jpg,No,43.0,"frutas, carambola, fresco",Revisar información nutricional y completar datos,Sí,2025-10-29 00:00:00
GD-VEGE-044,Tomate bugalú,Vegetales,Tomates,,45.0,libra,1 lb,1.0,45.0,,Local,Mercado Central San Pedro de Macorís,,29.25,35.0,Diaria,,No,Todo el año,Disponible,Cebolla morada suave para ensaladas.,Tomate bugalú,"Vitamina C, licopeno, potasio, antioxidantes",3-5 días,Refrigerado,Bolsa biodegradable retornable,Sí,Sí,https://greendolio.shop/images/gd-vege-044.jpg,No,44.0,"vegetales, tomate, fresco",Revisar información nutricional y completar datos,Sí,2025-10-29 00:00:00
GD-VEGE-045,Papas,Vegetales,Tubérculos,,25.0,unidad,0.6-0.8 lb (270-360g),1.0,50.0,,Local,Mercado Central San Pedro de Macorís,,32.5,35.0,Diaria,,No,Nov-May (zona montaña),Disponible,Ajo fresco en cabeza. Sabor intenso.,Papas,"Carbohidratos, vitamina C, B6, potasio",3-5 días,Refrigerado,Bolsa biodegradable retornable,Sí,Sí,https://greendolio.shop/images/gd-vege-045.jpg,No,45.0,"vegetales, papas, fresco",Revisar información nutricional y completar datos,Sí,2025-10-29 00:00:00
GD-VEGE-046,Plátano verde,Vegetales,Vegetales Frescos,,20.0,unidad,1 lb,1.0,40.0,,Local,Mercado Central San Pedro de Macorís,,22.75,35.0,Diaria,,No,Todo el año,Disponible,Ají morrón verde crujiente.,Plátano verde,"Carbohidratos, vitamina B6, potasio, fibra",3-5 días,Refrigerado,Bolsa biodegradable retornable,Sí,Sí,https://greendolio.shop/images/gd-vege-046.jpg,No,46.0,"vegetales, plátano, fresco",Revisar información nutricional y completar datos,Sí,2025-10-29 00:00:00
GD-VEGE-047,Lechuga rizada,Vegetales,Lechugas y Hojas,,50.0,unidad,0.8-1.2 lb (360-545g),1.2,50.0,,Local,Mercado Central San Pedro de Macorís,,32.5,35.0,Diaria,,No,Oct-Abr (mejor en fresco),Disponible,Ají morrón rojo dulce maduro.,Lechuga rizada,"Vitamina A, K, C, folato, fibra",3-5 días,Refrigerado,Bolsa biodegradable retornable,Sí,Sí,https://greendolio.shop/images/gd-vege-047.jpg,No,47.0,"vegetales, lechuga, fresco",Revisar información nutricional y completar datos,Sí,2025-10-29 00:00:00
GD-VEGE-048,Calabaza,Vegetales,Vegetales Frescos,,300.0,unidad,2-5 lb (unidad típica),5.0,60.0,,Local,Mercado Central San Pedro de Macorís,,195.0,35.0,Diaria,,No,Todo el año,Disponible,Ají gustoso para sazón dominicana.,Calabaza,"Vitamina A, C, fibra, potasio",3-5 días,Refrigerado,Bolsa biodegradable retornable,Sí,Sí,https://greendolio.shop/images/gd-vege-048.jpg,No,48.0,"vegetales, calabaza, fresco",Revisar información nutricional y completar datos,Sí,2025-10-29 00:00:00
GD-VEGE-049,Berenjena,Vegetales,Vegetales Frescos,,40.0,unidad,0.5-0.8 lb (225-360g),0.8,50.0,,Local,Mercado Central San Pedro de Macorís,,26.0,35.0,Diaria,,No,Todo el año,Disponible,Papa blanca versátil para cualquier preparación.,Berenjena,"Fibra, vitamina B6, potasio, antioxidantes",3-5 días,Refrigerado,Bolsa biodegradable retornable,Sí,Sí,https://greendolio.shop/images/gd-vege-049.jpg,No,49.0,"vegetales, berenjena, fresco",Revisar información nutricional y completar datos,Sí,2025-10-29 00:00:00
GD-VEGE-050,Lechuga repollada,Vegetales,Lechugas y Hojas,,75.0,unidad,1-1.5 lb (455-680g),1.5,50.0,,Local,Mercado Central San Pedro de Macorís,,48.75,35.0,Diaria,,No,Oct-Abr,Disponible,Batata dulce anaranjada. Rica en vitamina A.,Lechuga repollada,"Vitamina A, K, C, folato, fibra",3-5 días,Refrigerado,Bolsa biodegradable retornable,Sí,Sí,https://greendolio.shop/images/gd-vege-050.jpg,No,50.0,"vegetales, lechuga, fresco",Revisar información nutricional y completar datos,Sí,2025-10-29 00:00:00
GD-VEGE-051,Lechuga romana,Vegetales,Lechugas y Hojas,,85.0,unidad,1-1.5 lb (455-680g),1.5,56.66666666666666,,Local,Mercado Central San Pedro de Macorís,,55.25,35.0,Diaria,,No,Oct-Abr,Disponible,Yuca fresca para hervir o freír.,Lechuga romana,"Vitamina A, K, C, folato, fibra",3-5 días,Refrigerado,Bolsa biodegradable retornable,Sí,Sí,https://greendolio.shop/images/gd-vege-051.jpg,No,51.0,"vegetales, lechuga, fresco",Revisar información nutricional y completar datos,Sí,2025-10-29 00:00:00
GD-VEGE-052,Rábano,Vegetales,Vegetales Frescos,,85.0,libra,1 lb,1.0,85.0,,Local,Mercado Central San Pedro de Macorís,,55.25,35.0,Diaria,,No,Todo el año,Disponible,Yautía blanca para sancocho o puré.,Rábano,"Vitamina C, folato, potasio, bajo en calorías",3-5 días,Refrigerado,Bolsa biodegradable retornable,Sí,Sí,https://greendolio.shop/images/gd-vege-052.jpg,No,52.0,"vegetales, rábano, fresco",Revisar información nutricional y completar datos,Sí,2025-10-29 00:00:00
GD-VEGE-053,Pepino,Vegetales,Vegetales Frescos,,25.0,unidad,1 lb,1.0,25.0,,Local,Mercado Central San Pedro de Macorís,,16.25,35.0,Diaria,,No,Todo el año,Disponible,Zanahoria naranja crujiente y dulce.,Pepino,"Vitamina K, C, hidratación (95% agua)",3-5 días,Refrigerado,Bolsa biodegradable retornable,Sí,Sí,https://greendolio.shop/images/gd-vege-053.jpg,No,53.0,"vegetales, pepino, fresco",Revisar información nutricional y completar datos,Sí,2025-10-29 00:00:00
GD-VEGE-054,Guineo verde,Vegetales,Vegetales Frescos,,15.0,unidad,0.5-0.75 lb (225-340g),1.0,15.0,,Local,Mercado Central San Pedro de Macorís,,9.75,35.0,Diaria,,No,Todo el año,Disponible,Pepino verde fresco para ensaladas.,Guineo verde,"Carbohidratos, vitamina B6, potasio",3-5 días,Refrigerado,Bolsa biodegradable retornable,Sí,Sí,https://greendolio.shop/images/gd-vege-054.jpg,No,54.0,"vegetales, guineo, fresco",Revisar información nutricional y completar datos,Sí,2025-10-29 00:00:00
GD-VEGE-055,Yuca,Vegetales,Tubérculos,,45.0,libra,1 lb,1.0,45.0,,Local,Mercado Central San Pedro de Macorís,,29.25,35.0,Diaria,,No,Todo el año,Disponible,Lechuga romana crujiente.,Yuca,"Carbohidratos, vitamina C, manganeso",3-5 días,Refrigerado,Bolsa biodegradable retornable,Sí,Sí,https://greendolio.shop/images/gd-vege-055.jpg,No,55.0,"vegetales, yuca, fresco",Revisar información nutricional y completar datos,Sí,2025-10-29 00:00:00
GD-VEGE-056,Repollo blanco,Vegetales,Vegetales Frescos,,150.0,unidad,2-3 lb (0.9-1.4 kg),3.0,50.0,,Local,Mercado Central San Pedro de Macorís,,97.5,35.0,Diaria,,No,Todo el año (mejor: nov-abr),Disponible,Lechuga repollada tierna.,Repollo blanco,"Vitamina C, K, fibra, antioxidantes",3-5 días,Refrigerado,Bolsa biodegradable retornable,Sí,Sí,https://greendolio.shop/images/gd-vege-056.jpg,No,56.0,"vegetales, repollo, fresco",Revisar información nutricional y completar datos,Sí,2025-10-29 00:00:00
GD-VEGE-057,Repollo morado,Vegetales,Vegetales Frescos,,140.0,unidad,2-3 lb (0.9-1.4 kg),3.0,46.66666666666666,,Local,Mercado Central San Pedro de Macorís,,91.0,35.0,Diaria,,No,Todo el año (mejor: nov-abr),Disponible,Repollo blanco para ensaladas o cocinar.,Repollo morado,"Vitamina C, K, antocianinas, antioxidantes",3-5 días,Refrigerado,Bolsa biodegradable retornable,Sí,Sí,https://greendolio.shop/images/gd-vege-057.jpg,No,57.0,"vegetales, repollo, fresco",Revisar información nutricional y completar datos,Sí,2025-10-29 00:00:00
GD-VEGE-058,Tomate redondo,Vegetales,Tomates,,50.0,libra,1 lb,1.0,50.0,,Local,Mercado Central San Pedro de Macorís,,32.5,35.0,Diaria,,No,Todo el año,Disponible,Repollo morado para ensaladas coloridas.,Tomate redondo,"Vitamina C, licopeno, potasio",3-5 días,Refrigerado,Bolsa biodegradable retornable,Sí,Sí,https://greendolio.shop/images/gd-vege-058.jpg,No,58.0,"vegetales, tomate, fresco",Revisar información nutricional y completar datos,Sí,2025-10-29 00:00:00
GD-VEGE-059,Coliflor,Vegetales,Vegetales Frescos,,175.0,unidad,1.5-2.5 lb (680g-1.1kg),2.5,70.0,,Local,Mercado Central San Pedro de Macorís,,113.75,35.0,Diaria,,No,Oct-Abr,Disponible,Brócoli verde fresco. Rico en nutrientes.,Coliflor,"Vitamina C, K, fibra, antioxidantes",3-5 días,Refrigerado,Bolsa biodegradable retornable,Sí,Sí,https://greendolio.shop/images/gd-vege-059.jpg,No,59.0,"vegetales, coliflor, fresco",Revisar información nutricional y completar datos,Sí,2025-10-29 00:00:00
GD-VEGE-060,Brócoli,Vegetales,Vegetales Frescos,,125.0,unidad,0.8-1.2 lb (360-545g),1.2,104.1666666666667,,Local,Mercado Central San Pedro de Macorís,,81.25,35.0,Diaria,,No,Oct-Abr,Disponible,Coliflor blanca tierna.,Brócoli,"Vitamina C, K, fibra, sulforafano",3-5 días,Refrigerado,Bolsa biodegradable retornable,Sí,Sí,https://greendolio.shop/images/gd-vege-060.jpg,No,60.0,"vegetales, brócoli, fresco",Revisar información nutricional y completar datos,Sí,2025-10-29 00:00:00
GD-VEGE-061,Ajo,Vegetales,Vegetales Frescos,,45.0,unidad,0.3-0.4 lb (135-180g),1.0,150.0,,Local,Mercado Central San Pedro de Macorís,,29.25,35.0,Diaria,,No,Todo el año,Disponible,Berenjena morada firme para asar.,Ajo,"Alicina, vitamina C, B6, manganeso",3-5 días,Refrigerado,Bolsa biodegradable retornable,Sí,Sí,https://greendolio.shop/images/gd-vege-061.jpg,No,61.0,"vegetales, ajo, fresco",Revisar información nutricional y completar datos,Sí,2025-10-29 00:00:00
GD-VEGE-062,Cebolla morada/amarilla,Vegetales,Vegetales Frescos,,35.0,unidad,0.4-0.6 lb (180-270g),0.5,70.0,,Local,Mercado Central San Pedro de Macorís,,22.75,35.0,Diaria,,No,Todo el año,Disponible,Calabacín verde tierno.,Cebolla morada/amarilla,"Vitamina C, B6, fibra, antioxidantes",3-5 días,Refrigerado,Bolsa biodegradable retornable,Sí,Sí,https://greendolio.shop/images/gd-vege-062.jpg,No,62.0,"vegetales, cebolla, fresco",Revisar información nutricional y completar datos,Sí,2025-10-29 00:00:00
GD-VEGE-063,Zanahoria,Vegetales,Vegetales Frescos,,15.0,unidad,0.15-0.25 lb (70-115g),0.2,75.0,,Local,Mercado Central San Pedro de Macorís,,9.75,35.0,Diaria,,No,Todo el año,Disponible,Auyama criolla para sopas y purés.,Zanahoria,"Vitamina A, K, fibra, beta-caroteno",3-5 días,Refrigerado,Bolsa biodegradable retornable,Sí,Sí,https://greendolio.shop/images/gd-vege-063.jpg,No,63.0,"vegetales, zanahoria, fresco",Revisar información nutricional y completar datos,Sí,2025-10-29 00:00:00
GD-VEGE-064,Batata,Vegetales,Tubérculos,,25.0,unidad,0.4-0.6 lb (180-270g),0.5,50.0,,Local,Mercado Central San Pedro de Macorís,,16.25,35.0,Diaria,,No,Todo el año,Disponible,Remolacha roja para ensaladas o jugos.,Batata,"Carbohidratos, vitamina A, fibra",3-5 días,Refrigerado,Bolsa biodegradable retornable,Sí,Sí,https://greendolio.shop/images/gd-vege-064.jpg,No,64.0,"vegetales, batata, fresco",Revisar información nutricional y completar datos,Sí,2025-10-29 00:00:00
GD-VEGE-065,Ají morrón,Vegetales,Vegetales Frescos,,45.0,unidad,0.3-0.5 lb (135-225g),0.4,112.5,,Local,Mercado Central San Pedro de Macorís,,29.25,35.0,Diaria,,No,Todo el año,Disponible,Vainita tierna para saltear.,Ají morrón,"Vitamina C, A, antioxidantes",3-5 días,Refrigerado,Bolsa biodegradable retornable,Sí,Sí,https://greendolio.shop/images/gd-vege-065.jpg,No,65.0,"vegetales, ají, fresco",Revisar información nutricional y completar datos,Sí,2025-10-29 00:00:00
GD-VEGE-066,Maíz,Vegetales,Vegetales Frescos,,40.0,unidad,0.6-0.8 lb (270-360g),0.7,57.14285714285715,,Local,Mercado Central San Pedro de Macorís,,26.0,35.0,Diaria,,No,Todo el año,Disponible,Maíz dulce en mazorca.,Maíz,"Carbohidratos, fibra, vitamina B",3-5 días,Refrigerado,Bolsa biodegradable retornable,Sí,Sí,https://greendolio.shop/images/gd-vege-066.jpg,No,66.0,"vegetales, maíz, fresco",Revisar información nutricional y completar datos,Sí,2025-10-29 00:00:00
GD-VEGE-067,Limón,Vegetales,Vegetales Frescos,,35.0,unidad,0.12-0.18 lb (55-80g),0.15,233.3333333333333,,Local,Mercado Central San Pedro de Macorís,,22.75,35.0,Diaria,,No,"Todo el año (picos: jun-jul, dic-feb)",Disponible,Espinaca baby fresca para ensaladas.,Limón,"Vitamina C, antioxidantes",3-5 días,Refrigerado,Bolsa biodegradable retornable,Sí,Sí,https://greendolio.shop/images/gd-vege-067.jpg,No,67.0,"vegetales, limón, fresco",Revisar información nutricional y completar datos,Sí,2025-10-29 00:00:00
GD-VEGE-068,Ñame,Vegetales,Tubérculos,,100.0,unidad,1-2 lb (455-910g),1.5,100.0,,Local,Mercado Central San Pedro de Macorís,,97.5,35.0,Diaria,,No,Todo el año,Disponible,Acelga de hoja verde oscuro.,Ñame,"Carbohidratos, vitamina C, manganeso",3-5 días,Refrigerado,Bolsa biodegradable retornable,Sí,Sí,https://greendolio.shop/images/gd-vege-068.jpg,No,68.0,"vegetales, ñame, fresco",Revisar información nutricional y completar datos,Sí,2025-10-29 00:00:00
GD-VEGE-069,Zucchini,Vegetales,Vegetales Frescos,,35.0,unidad,0.4-0.6 lb (180-270g),0.5,70.0,,Local,Mercado Central San Pedro de Macorís,,22.75,35.0,Diaria,,No,Todo el año,Disponible,Zucchini verde tierno para saltear o asar.,Zucchini,"Vitamina A, C, fibra, bajo en calorías",3-5 días,Refrigerado,Bolsa biodegradable retornable,Sí,Sí,https://greendolio.shop/images/gd-vege-069.jpg,No,69.0,"vegetales, zucchini, fresco",Revisar información nutricional y completar datos,Sí,2025-10-29 00:00:00
GD-HIER-070,Cilantro,Hierbas y Especias,Hierbas Frescas,,25.0,manojo,125g,0.275,90.9090909090909,,Local,Mercado Central San Pedro de Macorís,,16.25,35.0,Diaria,,No,Todo el año,Disponible,Perejil fresco para decorar y cocinar.,Cilantro,"Vitamina A, K, antioxidantes",3-5 días,Refrigerado,Según producto,Sí,Sí,https://greendolio.shop/images/gd-hier-070.jpg,No,70.0,"hierbas y especias, cilantro, fresco",Revisar información nutricional y completar datos,Sí,2025-10-29 00:00:00
GD-HIER-071,Jengibre,Hierbas y Especias,Hierbas Frescas,,65.0,manojo,125g,0.275,236.3636363636363,,Local,Mercado Central San Pedro de Macorís,,42.25,35.0,Diaria,,No,Todo el año,Disponible,Recao (cilantro ancho) sabor intenso.,Jengibre,"Gingerol, antiinflamatorio, antioxidantes",3-5 días,Refrigerado,Según producto,Sí,Sí,https://greendolio.shop/images/gd-hier-071.jpg,No,71.0,"hierbas y especias, jengibre, fresco",Revisar información nutricional y completar datos,Sí,2025-10-29 00:00:00
GD-HIER-072,Orégano,Hierbas y Especias,Hierbas Frescas,,75.0,manojo,125g,0.275,272.7272727272727,,Local,Mercado Central San Pedro de Macorís,,48.75,35.0,Diaria,,No,Todo el año,Disponible,Orégano fresco aromático.,Orégano,"Antioxidantes, vitamina K, hierro",3-5 días,Refrigerado,Según producto,Sí,Sí,https://greendolio.shop/images/gd-hier-072.jpg,No,72.0,"hierbas y especias, orégano, fresco",Revisar información nutricional y completar datos,Sí,2025-10-29 00:00:00
GD-HIER-073,Perejil,Hierbas y Especias,Hierbas Frescas,,35.0,manojo,125g,0.275,127.2727272727273,,Local,Mercado Central San Pedro de Macorís,,22.75,35.0,Diaria,,No,Todo el año,Disponible,Romero fresco para carnes y papas.,Perejil,"Vitamina A, C, K, antioxidantes",3-5 días,Refrigerado,Según producto,Sí,Sí,https://greendolio.shop/images/gd-hier-073.jpg,No,73.0,"hierbas y especias, perejil, fresco",Revisar información nutricional y completar datos,Sí,2025-10-29 00:00:00
GD-HIER-074,Romero,Hierbas y Especias,Hierbas Frescas,,75.0,manojo,125g,0.275,272.7272727272727,,Local,Mercado Central San Pedro de Macorís,,48.75,35.0,Diaria,,No,Todo el año,Disponible,Tomillo fresco aromático.,Romero,"Antioxidantes, antiinflamatorio",3-5 días,Refrigerado,Según producto,Sí,Sí,https://greendolio.shop/images/gd-hier-074.jpg,No,74.0,"hierbas y especias, romero, fresco",Revisar información nutricional y completar datos,Sí,2025-10-29 00:00:00
GD-HIER-075,Apio,Hierbas y Especias,Hierbas Frescas,,90.0,manojo,125g,0.275,327.2727272727273,,Local,Mercado Central San Pedro de Macorís,,58.5,35.0,Diaria,,No,Todo el año,Disponible,Apio fresco con hojas. Para sopas y jugos.,Apio,"Vitamina A, K, C, folato",3-5 días,Refrigerado,Según producto,Sí,Sí,https://greendolio.shop/images/gd-hier-075.jpg,No,75.0,"hierbas y especias, apio, fresco",Revisar información nutricional y completar datos,Sí,2025-10-29 00:00:00
GD-HIER-076,Anís estrellado,Hierbas y Especias,Especias Secas,,40.0,30 gr,30g,0.066,606.060606060606,,Importado,Jumbo San Pedro,,26.0,,Quincenal,,No,Todo el año,Disponible,Anís estrellado para infusiones y cocina asiática,,"Antioxidantes, anetol",12 meses,Lugar fresco y seco,Bolsa sellada,Sí,Sí,,No,,"especias, anís, infusiones",,Sí,2025-11-05 00:00:00
GD-HIER-077,Laurel,Hierbas y Especias,Especias Secas,,35.0,15 gr,15g,0.033,1060.606060606061,,Importado,Jumbo San Pedro,,22.75,,Quincenal,,No,Todo el año,Disponible,Hojas de laurel para sopas y guisos,,"Vitamina A, C, antioxidantes",12 meses,Lugar fresco y seco,Bolsa sellada,Sí,Sí,,No,,"especias, laurel, sopas",,Sí,2025-11-05 00:00:00
GD-HIER-078,Pimienta negra entera,Hierbas y Especias,Especias Secas,,30.0,gramos,100g,0.22,136.3636363636364,,Importado,Jumbo San Pedro,,19.5,,Quincenal,,No,Todo el año,Disponible,Pimienta negra en grano para moler,,"Piperina, antioxidantes, vitamina K",24 meses,Lugar fresco y seco,Bolsa sellada,Sí,Sí,,No,,"especias, pimienta, condimentos",,Sí,2025-11-05 00:00:00
GD-HIER-079,Clavo dulce,Hierbas y Especias,Especias Secas,,25.0,15 gr,15g,0.033,757.5757575757575,,Importado,Jumbo San Pedro,,16.25,,Quincenal,,No,Todo el año,Disponible,Clavo de olor para postres e infusiones,,"Eugenol, antioxidantes, manganeso",24 meses,Lugar fresco y seco,Bolsa sellada,Sí,Sí,,No,,"especias, clavo, postres",,Sí,2025-11-05 00:00:00
GD-VEGE-080,Ajo baby,Vegetales,Vegetales Frescos,,20.0,unidad,0.5 lb,0.5,,,Local,Mercado Central San Pedro de Macorís,,14.62,35.0,Diaria,,No,Todo el año,Disponible,Ajo baby - porción pequeña ideal para caja de 3 días,Ajo,Variado,3-5 días,Refrigerado,Sin empaque,Sí,Sí,,No,80.0,"baby, vegetales, box1",SKU versión baby para cajas Box 1 (3 días),Sí,2025-11-26
GD-VEGE-081,Ají morrón baby,Vegetales,Vegetales Frescos,,20.0,unidad,0.2 lb,0.2,,,Local,Mercado Central San Pedro de Macorís,,14.62,35.0,Diaria,,No,Todo el año,Disponible,Ají morrón baby - porción pequeña ideal para caja de 3 días,Ají morrón,Variado,3-5 días,Refrigerado,Sin empaque,Sí,Sí,,No,81.0,"baby, vegetales, box1",SKU versión baby para cajas Box 1 (3 días),Sí,2025-11-26
GD-VEGE-082,Batata baby,Vegetales,Tubérculos,,11.0,unidad,0.25 lb,0.25,,,Local,Mercado Central San Pedro de Macorís,,8.12,35.0,Diaria,,No,Todo el año,Disponible,Batata baby - porción pequeña ideal para caja de 3 días,Batata,Variado,3-5 días,Refrigerado,Sin empaque,Sí,Sí,,No,82.0,"baby, vegetales, box1",SKU versión baby para cajas Box 1 (3 días),Sí,2025-11-26
GD-VEGE-083,Brócoli baby,Vegetales,Vegetales Frescos,,55.0,unidad,0.6 lb,0.6,,,Local,Mercado Central San Pedro de Macorís,,40.62,35.0,Diaria,,No,Todo el año,Disponible,Brócoli baby - porción pequeña ideal para caja de 3 días,Brócoli,Variado,3-5 días,Refrigerado,Sin empaque,Sí,Sí,,No,83.0,"baby, vegetales, box1",SKU versión baby para cajas Box 1 (3 días),Sí,2025-11-26
GD-VEGE-084,Cebolla morada/amarilla baby,Vegetales,Vegetales Frescos,,15.0,unidad,0.25 lb,0.25,,,Local,Mercado Central San Pedro de Macorís,,11.38,35.0,Diaria,,No,Todo el año,Disponible,Cebolla morada/amarilla baby - porción pequeña ideal para caja de 3 días,Cebolla morada/amarilla,Variado,3-5 días,Refrigerado,Sin empaque,Sí,Sí,,No,84.0,"baby, vegetales, box1",SKU versión baby para cajas Box 1 (3 días),Sí,2025-11-26
GD-FRUT-085,Chinola baby,Frutas,Frutas Frescas,,15.0,unidad,0.12 lb,0.12,,,Local,Mercado Central San Pedro de Macorís,,11.38,35.0,Diaria,,No,Todo el año,Disponible,Chinola baby - porción pequeña ideal para caja de 3 días,Chinola,Variado,3-5 días,Refrigerado,Sin empaque,Sí,Sí,,No,85.0,"baby, frutas, box1",SKU versión baby para cajas Box 1 (3 días),Sí,2025-11-26
GD-HIER-086,Cilantro baby,Hierbas y Especias,Hierbas Frescas,,11.0,unidad,0.14 lb,0.14,,,Local,Mercado Central San Pedro de Macorís,,8.12,35.0,Diaria,,No,Todo el año,Disponible,Cilantro baby - porción pequeña ideal para caja de 3 días,Cilantro,Variado,3-5 días,Refrigerado,Sin empaque,Sí,Sí,,No,86.0,"baby, hierbas y especias, box1",SKU versión baby para cajas Box 1 (3 días),Sí,2025-11-26
GD-FRUT-087,Lechosa baby,Frutas,Frutas Frescas,,33.0,unidad,2.0 lb,2.0,,,Local,Mercado Central San Pedro de Macorís,,24.38,35.0,Diaria,,No,Todo el año,Disponible,Lechosa baby - porción pequeña ideal para caja de 3 días,Lechosa,Variado,3-5 días,Refrigerado,Sin empaque,Sí,Sí,,No,87.0,"baby, frutas, box1",SKU versión baby para cajas Box 1 (3 días),Sí,2025-11-26
GD-VEGE-088,Lechuga rizada baby,Vegetales,Vegetales Frescos,,22.0,unidad,0.6 lb,0.6,,,Local,Mercado Central San Pedro de Macorís,,16.25,35.0,Diaria,,No,Todo el año,Disponible,Lechuga rizada baby - porción pequeña ideal para caja de 3 días,Lechuga rizada,Variado,3-5 días,Refrigerado,Sin empaque,Sí,Sí,,No,88.0,"baby, vegetales, box1",SKU versión baby para cajas Box 1 (3 días),Sí,2025-11-26
GD-VEGE-089,Lechuga romana baby,Vegetales,Vegetales Frescos,,37.0,unidad,0.75 lb,0.75,,,Local,Mercado Central San Pedro de Macorís,,27.62,35.0,Diaria,,No,Todo el año,Disponible,Lechuga romana baby - porción pequeña ideal para caja de 3 días,Lechuga romana,Variado,3-5 días,Refrigerado,Sin empaque,Sí,Sí,,No,89.0,"baby, vegetales, box1",SKU versión baby para cajas Box 1 (3 días),Sí,2025-11-26
GD-FRUT-090,Limón baby,Frutas,Frutas Frescas,,15.0,unidad,0.07 lb,0.07,,,Local,Mercado Central San Pedro de Macorís,,11.38,35.0,Diaria,,No,Todo el año,Disponible,Limón baby - porción pequeña ideal para caja de 3 días,Limón,Variado,3-5 días,Refrigerado,Sin empaque,Sí,Sí,,No,90.0,"baby, frutas, box1",SKU versión baby para cajas Box 1 (3 días),Sí,2025-11-26
GD-FRUT-091,Mango baby,Frutas,Frutas Frescas,,22.0,unidad,0.4 lb,0.4,,,Local,Mercado Central San Pedro de Macorís,,16.25,35.0,Diaria,,No,Todo el año,Disponible,Mango baby - porción pequeña ideal para caja de 3 días,Mango,Variado,3-5 días,Refrigerado,Sin empaque,Sí,Sí,,No,91.0,"baby, frutas, box1",SKU versión baby para cajas Box 1 (3 días),Sí,2025-11-26
GD-VEGE-092,Papas baby,Vegetales,Tubérculos,,22.0,unidad,0.5 lb,0.5,,,Local,Mercado Central San Pedro de Macorís,,16.25,35.0,Diaria,,No,Todo el año,Disponible,Papas baby - porción pequeña ideal para caja de 3 días,Papas,Variado,3-5 días,Refrigerado,Sin empaque,Sí,Sí,,No,92.0,"baby, vegetales, box1",SKU versión baby para cajas Box 1 (3 días),Sí,2025-11-26
GD-VEGE-093,Pepino baby,Vegetales,Vegetales Frescos,,11.0,unidad,0.5 lb,0.5,,,Local,Mercado Central San Pedro de Macorís,,8.12,35.0,Diaria,,No,Todo el año,Disponible,Pepino baby - porción pequeña ideal para caja de 3 días,Pepino,Variado,3-5 días,Refrigerado,Sin empaque,Sí,Sí,,No,93.0,"baby, vegetales, box1",SKU versión baby para cajas Box 1 (3 días),Sí,2025-11-26
GD-FRUT-094,Piña pequeña baby,Frutas,Frutas Frescas,,35.0,unidad,1.5 lb,1.5,,,Local,Mercado Central San Pedro de Macorís,,26.0,35.0,Diaria,,No,Todo el año,Disponible,Piña pequeña baby - porción pequeña ideal para caja de 3 días,Piña pequeña,Variado,3-5 días,Refrigerado,Sin empaque,Sí,Sí,,No,94.0,"baby, frutas, box1",SKU versión baby para cajas Box 1 (3 días),Sí,2025-11-26
GD-FRUT-095,Plátano maduro baby,Frutas,Frutas Frescas,,11.0,unidad,0.25 lb,0.25,,,Local,Mercado Central San Pedro de Macorís,,8.12,35.0,Diaria,,No,Todo el año,Disponible,Plátano maduro baby - porción pequeña ideal para caja de 3 días,Plátano maduro,Variado,3-5 días,Refrigerado,Sin empaque,Sí,Sí,,No,95.0,"baby, frutas, box1",SKU versión baby para cajas Box 1 (3 días),Sí,2025-11-26
GD-FRUT-096,Plátano verde baby,Frutas,Frutas Frescas,,15.0,unidad,0.5 lb,0.5,,,Local,Mercado Central San Pedro de Macorís,,11.38,35.0,Diaria,,No,Todo el año,Disponible,Plátano verde baby - porción pequeña ideal para caja de 3 días,Plátano verde,Variado,3-5 días,Refrigerado,Sin empaque,Sí,Sí,,No,96.0,"baby, frutas, box1",SKU versión baby para cajas Box 1 (3 días),Sí,2025-11-26
GD-VEGE-097,Tomate redondo baby,Vegetales,Vegetales Frescos,,22.0,unidad,0.5 lb,0.5,,,Local,Mercado Central San Pedro de Macorís,,16.25,35.0,Diaria,,No,Todo el año,Disponible,Tomate redondo baby - porción pequeña ideal para caja de 3 días,Tomate redondo,Variado,3-5 días,Refrigerado,Sin empaque,Sí,Sí,,No,97.0,"baby, vegetales, box1",SKU versión baby para cajas Box 1 (3 días),Sí,2025-11-26
GD-VEGE-098,Zanahoria baby,Vegetales,Vegetales Frescos,,7.0,unidad,0.1 lb,0.1,,,Local,Mercado Central San Pedro de Macorís,,4.88,35.0,Diaria,,No,Todo el año,Disponible,Zanahoria baby - porción pequeña ideal para caja de 3 días,Zanahoria,Variado,3-5 días,Refrigerado,Sin empaque,Sí,Sí,,No,98.0,"baby, vegetales, box1",SKU versión baby para cajas Box 1 (3 días),Sí,2025-11-26
